,Package name,Reviewer name,Review,Rating
0,ca.agyl.evduty,Med Idir,"Appli pas pire, mais il faudra ajouter la possibilité de programmer une recharge d'une heure de début à une heure de fin.",3
1,ca.agyl.evduty,Alexandre Hamelin,Wow! Excellent app. I have 2 evDury chargers sharing a breaker for over a year now and the system is extremely reliable. We were so impressed we bout a 3rd charger for the cottage,5
2,ca.agyl.evduty,Mark Bencze,Great app. Works well and easy to use,5
3,ca.agyl.evduty,Bruno Parent St-Gelais,J'aimerais pourvoir utilisé Google pour démarrer la recharge de mon véhicule!,4
4,ca.agyl.evduty,Peter Graf,"I am unable to get past the sign up screen on the app on my Samsung phone. I fill in all required fields on the sign up, but then nothing happens ... no continue option. When I click the checkmark on top right, i get the message ""An error occurred. The email and/or mobile phone number are already used by another account"". When I used the password recovery option, I enter my email address ... and there is no continue button ... get this message: ""An error occurred. Email not found""",1
5,ca.agyl.evduty,Robert Maylath,App is too complex - stations are incorrectly marked - you need to prepay but stations don't work.,1
6,ca.agyl.evduty,Ricky Hoben,Bravo ! Votre application c'est améliorer de 200%.,5
7,ca.agyl.evduty,Emilio D,Don't use this company.. I've been trying their chargers that are outside a gym I go to for a few weeks now. The first time I went the charger provided power for less than 30 minutes and then stop working but continued to charge my credit card. I have a brand new Tesla which notified me that it was the charger that stopped working. The next day I went they had an out of order sign. They don't answer emails either.,1
8,ca.agyl.evduty,Anmol Gupta,"Two major issues with the car: The app does not allow you to suspend charging without taking the plug out. What that means is, if you mistakenly charge someone else's vehicle, the money is lost. The app will continue charging money even if the car battery is full. It's on you to double check when it's full so you can manually unplug the connection to stop the charging. Very inconvenient.",1
9,ca.agyl.evduty,Alex Lima,If the cloud passtrough was optional it would get one more star. To get 5 stars it needs some more work like. 1. Only use cloud if not in the same network ( like wifi) 2. Schedule charge sessions would be nice. 3. Integration with google home. Start session End session Schedule session at Check if charge station is avalable at,3
10,ca.agyl.evduty,yoris bosman,"the app is down so i can't charge. huge flaw, how did nobody think of this while engineering it.",2
11,ca.agyl.evduty,Olivier Letourneau,application bien fait mais manque certains vehicules dans les préférences comme tesla model y manquant,4
12,ca.agyl.evduty,Stephane Berube,Badly working...,2
13,ca.agyl.evduty,A Google user,"Les nouvelles mise à jour ont apporté de la stabilité à l'application. Par contre, il arrive encore que les séances se déconnectent et qu'il est impossible de se reconnecter (INVALID JSON). Aussi, parfois lorsque je connecte ma voiture, l'application n'indique pas que ma voiture charge et l'application ne compte pas les kWh utilisé (et pourtant ma voiture est bien en recharge). Dans l'onglet Activité, il arrive souvent qu'une séance de recharge soit brisée en 3-4 séances malgré une recharge cst.",3
14,ca.agyl.evduty,A Google user,"I have two issues with the app. Even though I set up the cost of what hydroquebec charges me per kw (4 cents plus decimals, my cost per charging session always shows $0.00. But more importantly, the charging is only recorded if I start charging as soon as I get home. My kona ev has a feature so that I can schedule for just before my departure the next day to ensure the battery is warmed up before hitting the road. But then it does not record the session (times out?)",3
15,ca.agyl.evduty,A Google user,works well.,5
16,ca.agyl.evduty,A Google user,great app and a great charger especially for colder climates,5
17,ca.agyl.evduty,A Google user,"Good app. Hope new update will allow you to set charge to stop at a fixed percentage, instead of hourly. I like to stop charge at 80% if I could. update: the last update made this app very buggy. The countdown timer seems to be off,and cant download March csv file.",4
18,ca.agyl.evduty,A Google user,"une bonne experiene, toutefois mon Kona ev 2019 ne figure pas sur la liste des véhicules. J'ai choisi le modèle Ioniq entretemps et la borne a tout de même fonctionné. SVP ajouter le Kona à votre liste de véhicules.",4
19,ca.agyl.evduty,A Google user,"I can't get through sign-up as it gets stuck when I try to add a car, and get Invalid JSON error when touching the checkmark.",1
20,ca.agyl.evduty,A Google user,"It leaves a little to be desired. I expected a little more out of this app. It would be nice to add / chose my vehicle, a VW E-Golf but when I can get VW on list and I click it the vehicle that I can chose is a Nissan Leaf. I am looking to pick an E-Golf not a Nissan Leaf. Please fix and I will change my rating. Merci.",3
21,ca.agyl.evduty,A Google user,"The app works reasonable well. It should let you set your favorite charging station like the one at home that you can control remotely. Also, it would be useful if the charging history data could be exported in a CSV file.",4
22,ca.agyl.evduty,A Google user,"The app looks clean and simple but finding certain things is less intuitive 
than it should be. Like terminal settings which aren't in settings or 
notifications settings that don't mention any types of notification to 
choose from for example, so I could be alerted if my station losses power 
or when someone is charging. I wish I could setup the station to be 
charging immediately when I'm plugging in and request access when it's 
someone else though I understand how complex this would be to arrange. I 
also wish the my charging history would allow to calculate how many 
kilowatt hours I've used in a set period of time like a month or a week.",4
23,ca.agyl.evduty,A Google user,Bravo,5
24,ca.agyl.evduty,A Google user,Tried to create a new account and it kept crashing at the 'postal code' section.   Trying to decide which EV charger and having an app that keeps crashing doesn't help.,1
25,ca.agyl.evduty,A Google user,Requires creation of account,1
26,ca.agyl.evduty,A Google user,"Simple, easy to use, does the job",5
