,Package name,Reviewer name,Review,Rating
0,ch.evpass.evpass,Leckmicham Zeh,Chrashing when asking for navigation to the charging point,1
1,ch.evpass.evpass,Konstantin Tochilin,never worked. just wast of time and money,1
2,ch.evpass.evpass,massimo banzi,Almost every time I open the app I have to re-enter login and password.. it's quite annoying. The app is reasonably good once you login...,3
3,ch.evpass.evpass,Phil Waecker,Every time I start the app I now have to enter my password. This was not not the case before. Extremely annoying,1
4,ch.evpass.evpass,Arash,"There this annoying issue that every few days, the app forgets the credentials and you have to login again. This particularly annoying when you are in the car and need consult the app quickly but some functionality is missing because the app has silently forgotten who you are, even though it worked fine just a fee hours ago.",3
5,ch.evpass.evpass,ste mini,"quite bad. I cannot just scan the qr code of the station that is connected to my car but I have to actively find it on the map and then drill down and select it, today I could not access my account and had to use the charging station as an unknown customer. 2 stars instead of just 1 because technically it did work (by using it as an ""unknown"" customer).",2
6,ch.evpass.evpass,Didier Dubois,"A good one . Home two charging station is not working: history is not working, slow, display issues.",3
7,ch.evpass.evpass,Justin Forgplay,"Viel zu teuer, viel zu kompliziert! So kann die EV-Zukunft nicht aussehen.",1
8,ch.evpass.evpass,dimitrina petrova,"Promocode accepted and then ignored, plan degraded automatically. The support fixed the problem manually.",2
9,ch.evpass.evpass,Jean-Christophe Dupasquier,"Doesn't work Edit: i tried to call customer support on the spot, no response. I stick to Tesla Superchargers now, these just work. Never again.",1
10,ch.evpass.evpass,Michael Merten,Largest charging network in Switzerland. Dietikon : 1. Glatt Zentrum : 0. If this is what they call the largest charging network. What's the point of getting an electric car. Lets just continue polluting with huge SUV'S.,2
11,ch.evpass.evpass,Silvio Boesch,"Terrible UX! I know some of these points are in the resposibility of the supplier (charging station), but then please ensure they know how to install and configure it properly! 1.Pricing: Max charging duration is 1 hour. When you exceed this timeframe a penalty of 10.- applies. Visiting the place I wanted to charge my car usually takes longer than an hour! 2. Hard to find the exact charging station to start when there are more. 3. No internet connection in the garage makes it impossible to use.",1
12,ch.evpass.evpass,Stephanie Schulze,"Amazing app, great design, great usability and really useful. Strongly recommended for everyone with an electric car.",5
13,ch.evpass.evpass,A Google user,Nice and quick. Cheaper to charge with subscription. Nice and fast support. English language is also plus. Monthly statistics. Also pay for parking in my area.,5
14,ch.evpass.evpass,A Google user,Working grate. No issues for the moment.,5
15,ch.evpass.evpass,A Google user,"In Switzerland I can trust this network cause it is well spread across the country and I can charge pretty much anywhere with my car. I have an hybrid but will soon switch to full electric. We are lucky in Switzerland to have so many public charging stations. Thank you, evpass.",5
16,ch.evpass.evpass,A Google user,"Crashes when I try to add credits, so I'm unable to charge my car today..",1
17,ch.evpass.evpass,A Google user,"Filters do not work. You cannot zoom in on photos or even see them fullscreen. Don't waste your time, just use Chargemap.",1
18,ch.evpass.evpass,A Google user,App crashes when click sign-on. Useful for looking for a charger. Get direction uses Google Maps.,2
19,ch.evpass.evpass,A Google user,it happens often that the charging stations are not appearing on the map...,1
