,Package name,Reviewer name,Review,Rating
0,com.digitalautoguides.teslato,Olan Evans,Tried to look at 800 mile trip. I was informed that I needed to upgrade for $9 to look at trip greater than 500 miles. I did. App could not find any superchargers on my route even though I personally know of 5 in the first 200 miles. Worthless. Wish I could get a refund.,1
1,com.digitalautoguides.teslato,Brandon P,"Overall very feature rich, but the one feature that seems to be missing or that difficult to find is navigation. does a great job at breaking down all your stops and your times but, otherwise, does nothing to help me get to where I'm going. To me, that is a deal breaker.",4
2,com.digitalautoguides.teslato,Mark Ryan,Doesn't show Tesla superchargers even after adding such via the filter. Awkward to use. Not ready for prime time.,2
3,com.digitalautoguides.teslato,Jonathan Quek,Need to subscribe for trips more than 500 miles!,1
4,com.digitalautoguides.teslato,Matt Luksic,Couldn't figure out how to use it.,1
5,com.digitalautoguides.teslato,Dave Harrison,Couldn't plan a trip without the upgrade.,1
6,com.digitalautoguides.teslato,Gabriel L,Useless,1
7,com.digitalautoguides.teslato,Dive and Thrive,Great app!,5
8,com.digitalautoguides.teslato,Christopher Price,"Paywall kills the deal. I can live with ads, and the UX has a shot at beating ABRP. But... End of the day, ABRP is free. And as Google loves to say, it's hard to compete with free.",2
9,com.digitalautoguides.teslato,A Google user,Directions service failed. error 400. Go to edit trip details and save. Doing so does not resolve the issue.,1
10,com.digitalautoguides.teslato,A Google user,It used to be great until they charge a fee for trips longer than 500 miles,3
11,com.digitalautoguides.teslato,A Google user,Backend doesntt work,1
12,com.digitalautoguides.teslato,A Google user,Limits to 500 mile trip without buying subscription but no way to buy app,1
13,com.digitalautoguides.teslato,A Google user,"I had trouble getting to settings, but once I had done that the app seems nice. I will update after I try it on a trip.",5
14,com.digitalautoguides.teslato,A Google user,Difficult to use adds no charging stops,1
15,com.digitalautoguides.teslato,A Google user,"Update: reinstalled, works great now. I will have to try it out and consider a sub for a month. doesn't load a route, crashes with an error",4
16,com.digitalautoguides.teslato,A Google user,I used it for one trip. found it difficult to add a segment.,4
17,com.digitalautoguides.teslato,A Google user,Directions error 502 everytime.,1
18,com.digitalautoguides.teslato,A Google user,"App definitely seems powerful, but is not super simple to use. Many UI elements are blurry and pixelated on my Pixel 2 XL.",3
19,com.digitalautoguides.teslato,A Google user,i get app. i want to ise it. i give it two minute to be successful. this failed the first test. its gone.,1
20,com.digitalautoguides.teslato,A Google user,$1/ month or $10/year is definitely worth it. the app works well and I like the monthly option for occasional road trip'ers. Would definitely recommend over Tesla's built-in app.,5
21,com.digitalautoguides.teslato,A Google user,"impossible to try, requires subscription for long route, yaknow the times you need apps like this to preplan charging. trying to plan the drive home from buying my Tesla in a few weeks but guess I'll try the next app.",2
22,com.digitalautoguides.teslato,A Google user,Most accurate app. Wish gui was easier to use. Yearly subscription price might be high for some due to how much will someone actually use it. Had it for a year and used it only a handful of times.,5
23,com.digitalautoguides.teslato,A Google user,"Would love to use it, but the notch on my Pixel 3 XL blocks tapping ""get started"".",2
24,com.digitalautoguides.teslato,A Google user,App works but the learning curve seems steep. I'm trying to plan long trips which will mean several days on the road. I don't find this easy to do and have deleted and redone a trip many times. I keep going back to the Digital Auto Guides but they are not searchable for specific help. I think it would be most helpful if route planning could be done on the desktop  rather than the small phone. I want to have other travel sites open while trip planning and not use up my phone battery.,3
25,com.digitalautoguides.teslato,A Google user,I am trying to buy this @#$!ing app and it wont let me. I tried the feedback feature and it too is annoying. uninstalling.,1
26,com.digitalautoguides.teslato,A Google user,paywall prevents me from fully testing this app out,3
27,com.digitalautoguides.teslato,A Google user,works for me,5
28,com.digitalautoguides.teslato,A Google user,"Meh, overly restrictive pay wall makes even testing this difficult. Subscription service seems ok priced but I really struggled with this app. Trouble finding chargers that I knew were there. You can only set up to charge on one type of charger, and sometimes it would bypass a charger, then tell me I would run out of power. Just not good enough. The free ones are better.",2
29,com.digitalautoguides.teslato,A Google user,no complete map of chargers,1
30,com.digitalautoguides.teslato,A Google user,Doesn't work as advertised.,1
31,com.digitalautoguides.teslato,A Google user,So where are the chargers on the trip I planned?,1
32,com.digitalautoguides.teslato,A Google user,This no longer seems to work... it complains about being unable to get the list of superchargers.,1
33,com.digitalautoguides.teslato,A Google user,Doesn't let you map long paths for free.,1
34,com.digitalautoguides.teslato,A Google user,"This app (EVTO) is the best & easiest app I have seen/used to plan a long 
(multi day) road trip in your Tesla. I don't want to have to sit in my car, 
in my garage, and try to plan a multi day road trip, including charge 
locations and motel accommodations. It is much easier to sit at your desk 
or a comfortable chair and use this app to figure how far you want to go 
each day and where you are going to charge. (We rented a house in Phoenix 
for the entire month of April & used this app to easily plot our charge 
stops, and where to spend the night, often in a motel with free destination 
Super Chargers.) I have not seen a better or easier app to plan long trips 
for our Tesla adventures. It is well worth the meager membership fee. Try 
it and you will love it!",5
35,com.digitalautoguides.teslato,A Google user,Greater than 500 mile trip requires a subscription.,1
36,com.digitalautoguides.teslato,A Google user,I can't say enough good about this app. The more you get in and tweak your trips the better I like it.,5
37,com.digitalautoguides.teslato,A Google user,"UI not user friendly, seems to be put together in a hurry, lack of much functionality ( own location for starting point ), have to pay for a ""free"" incomplete app. Feels like a cash grab, an app designed for it's users should never feel like a cash grab.",1
38,com.digitalautoguides.teslato,A Google user,Not useful without subscription.  Can't evaluate how useful it is without subscribing.  Catch 22.,1
39,com.digitalautoguides.teslato,A Google user,Clippleware - not decently usable without paying to unlock the app,1
40,com.digitalautoguides.teslato,A Google user,"Free to use (500 miles or less) for just glancing at a section of a road trip while supercharging to get a time estimate while away from your car. Easy to use. Wish there was a reset button to clear current trip, but can just do new trip.",5
41,com.digitalautoguides.teslato,A Google user,"Reviews are required to unlock features.   So it catch 22, if I say it is great,   I say so without having had a chance to use it.  The crippled version is useless since you can't plan a trip over 500 miles.   So yo have to pay to really know how it works,   and in paying they set you up for automatic payments without asking.  Once you've paid choosing a rout other than their perfereed rout is difficult",3
42,com.digitalautoguides.teslato,A Google user,Very useful for range planning.,4
43,com.digitalautoguides.teslato,A Google user,I used it on tablet. Great App,4
44,com.digitalautoguides.teslato,A Google user,I can plan my route through Superchargers without being in the car.,5
45,com.digitalautoguides.teslato,A Google user,We have used this on multiple occasions and the ability to create trips with way points is great.  Also having the info on how long you need to stop before continuing in the planning stages helps immensely,5
46,com.digitalautoguides.teslato,A Google user,"Great, but some superchargers are not updated with correct number of stalls",5
47,com.digitalautoguides.teslato,A Google user,App is great! New interface is very functional and price is fair. I will submit an expanded review once I have had some time with the app but I like what I see so far.,5
48,com.digitalautoguides.teslato,A Google user,I'm working with the developer on the issue with not being able to plan a trip when on weak 4G data...he seems responsive so far. Will update later...,3
49,com.digitalautoguides.teslato,A Google user,Went for pro version and multiple routes. Can only work out that I won't have enough charge to make it to my destination. Doesn't even suggest a charging point.,1
50,com.digitalautoguides.teslato,A Google user,Best mobile app for detailed route planning,5
51,com.digitalautoguides.teslato,A Google user,Very useful,4
52,com.digitalautoguides.teslato,A Google user,For an initial release this was best I've seen. No other app for my Tesla can do all the functions this has. I just upgraded to paid Pro version $2.99 for even more features (and to help support developer).,5
