,Package name,Reviewer name,Review,Rating
0,com.evchargingsolutions.evcs,Justin Skaare,"Fantastic, easy to use, great pricing.",5
1,com.evchargingsolutions.evcs,Tony Godshall,Shows only a tiny fraction of the stations in my area. Uninstalling.,2
2,com.evchargingsolutions.evcs,Barbra Villona,This only shows you this company's overpriced product (electricity is more expensive than gas with these guys). Look elsewhere so you can compare costs or even find free chargers.,1
3,com.evchargingsolutions.evcs,Ronna Keeney,Terrible. Stopped at two different machines. Called in at both and still no power at either,1
4,com.evchargingsolutions.evcs,Fernando Carvalho,"Cmon, 50 bucks is the only plan, you don't have enough chargers around to force people on a subscription that I would use only when there's a EVCS charger on my route.",1
5,com.evchargingsolutions.evcs,Christopher Aaron,"Ok, a fair amount of the time, it gives a 'network error, try again later', and I have to call customer service. Tonight, I was on the phone for 10 minutes with no help. I would prefer EVCS use a key ring fab, like I have at the gym, and the older charging company that I used to subscribe to. There are bugs in this, and too much of the time it doesn't work. The key fab activated the charging station I used to use, and didn't have 'network errors'. I use this app,only because that is what EVCS wants me to use.",1
6,com.evchargingsolutions.evcs,Brian Woods,"Forced monthly subscription it seems... No! And at $50 a month, hell no!",1
7,com.evchargingsolutions.evcs,Micah Smith,Massively overpriced to charge one time. Thanks for ruining the world.,1
8,com.evchargingsolutions.evcs,IA S,Service is fine. The monthly subscription-only model is kind of annoying if you are going to a hotel that only has EVCS available. A pay as you go option would be nice. NFC charger activation would also be helpful instead of QR or manual entry. I had the free month offer enabled and forgot that NFC was not supported. Tapping my phone resulted in an additional $50 charge on my credit card which now has to be refunded. App itself works fine. Just be sure to follow instructions on the charger.,4
9,com.evchargingsolutions.evcs,David Zuniga,Take care of your damn chargers if your gonna buy them from other companies.,1
10,com.evchargingsolutions.evcs,Naveed Eghterafi,Really easy to use and intuitive app! Starts charge easily by scanning qr code.,5
11,com.evchargingsolutions.evcs,Anthony C,Intuitive to use and is quite easy to find a charger nearby!,5
