,Package name,Reviewer name,Review,Rating
0,com.gpstuner.evnavigation,Todd Allcock,Charger database is so out of date it routes you to slow chargers when faster chargers are nearby. UI is garish and unintuitive. I can't think of a single reason to use this instead of ABRP (A Better Route Planner) or Chargeway. ABRP also has a terrible UI but at least it's accurate and up to date. Chargeway is simple to use and beautiful but less featured.,2
1,com.gpstuner.evnavigation,Jarik Hendrikx,"Truly amazing app to have when your car doesn't support a decent ev navigation system, made it so much easier to plan my vacation routes.",5
2,com.gpstuner.evnavigation,Keith Redfield,"I haven't used real world yet, waiting on my truck, but this seems well thought out and easy to use",5
3,com.gpstuner.evnavigation,Matyas Kurta,The best ev navigation and route planner so far,5
