,Package name,Reviewer name,Review,Rating
0,com.evconnect.ionic,Alexandra Linardakis,Easy enough,5
1,com.evconnect.ionic,Alyssa Nightengale,Cancels my charge session constantly,1
2,com.evconnect.ionic,todd zdanowski,I have been an EV Connect user for 5 years. App is awesome,5
3,com.evconnect.ionic,Ron Pullen,"Easy Peasy, no troubles at all.",5
4,com.evconnect.ionic,Liz Coyne,Reliable and convenient. No messing around with faulty apps and easy payment. :),5
5,com.evconnect.ionic,Chris Larsen,"Try to avoid if u can. Charger would not accept credit card. App charges minimum of $10 - no mattress how much their slow 50kw chargers deliver - even if u use $3 of electric, boom, $10 fee. Scam, rip off. Hurting EV adoption in America.",1
6,com.evconnect.ionic,Jag Man,Easy to use updates charge times,5
7,com.evconnect.ionic,farshad java,Works great every time.,5
8,com.evconnect.ionic,Johnny Boe,Great charger when you know how to use it lol,5
9,com.evconnect.ionic,Marc Gensel,"Close, convenient and easy to figure out once you download the app.",5
10,com.evconnect.ionic,Lawrence Rhodes,"Not perfect, but eventually works.",4
11,com.evconnect.ionic,Elizabeth Culshaw,It's not as user friendly as some apps... but their chargers seem to be in the last 20% of my charge lately. They just need to work out how to get the companies their chargers are located at powered on. At least now that I understand the app a little better I can normally tell if it's on before I get there.,5
12,com.evconnect.ionic,Nigel Weir,"Great charging station, wish there were more locations.",5
13,com.evconnect.ionic,Erin Blackman,"Convenient, easy to use, reliable charging!",5
14,com.evconnect.ionic,qhoenix1,Unreliable,1
15,com.evconnect.ionic,Augusto Cangahuala,Really good experience at hotels. We have used this brand of chargers at Fenwick Island and now here at Saugerties and both times we have been very satisfied with the easiness of use and convenience of these changers.,5
16,com.evconnect.ionic,Reggie Valentine,Very much a pleasant experience,5
17,com.evconnect.ionic,Edward Vargas,The BEST charging interfaces !!!,5
18,com.evconnect.ionic,Sean Ardley,"Got the app specifically for a single charger in central Nevada which shows as working on the app. Went there and nearly got stranded (missed out on exploring some of the local backroads) because it was broken. Here's the kicker: the support person said ""it's been reported as broken for a while""!!! As if to imply 'we're working on it' but definitely showing they don't bother marking chargers as broken on their app when they've known they're broken for a while!!! Bad app, shady company.",1
19,com.evconnect.ionic,Alshun Franciscus,Great Free Charge,5
20,com.evconnect.ionic,Mary Kay Thomas,Doesn't show their own stations,1
21,com.evconnect.ionic,Kwa,Excellent,5
22,com.evconnect.ionic,Tagonist Knights Publishing,Plugged in right near the entrance. Left on my scooter. It was perfect! 😁,5
23,com.evconnect.ionic,Paul Klassen,"Very convenient, easy to use with app, and very reasonable rate! Add more in as many hotels and parks you can!",5
24,com.evconnect.ionic,Mark Stevens,Easy,5
25,com.evconnect.ionic,Jeffrey Goritz,"If something is wrong with your station they will not get back to your ticket. Weve been having issues with four of our stations being ""occupied"" or under maintenance. Frequently.",3
26,com.evconnect.ionic,Carina Bassin,"Great, much more reliable than others",5
27,com.evconnect.ionic,Mark 'TR' Bradford,"The app is easy as it should be. The money you pay EV Connect to host a charging site is money completely wasted!!! We have two units, one working after waiting two months for a contractor that can't do the all work. NOW IT'S BEEN EIGHT MONTHS AND STILL NO F##KING CHARGER!!! YOUR COMMITMENT TO THOSE OVER CHARGED FOR SEVICE SUCKS DONKEY BALLS! BUT YOU'RE OKAY WITH THAT AND STILL GETTING PAID. HEY, WHICH FINGER IS BEING PRESENTED TO YOU FOR YOUR UNWAVERING FRAGRANT LACK OF SERVICE?",1
28,com.evconnect.ionic,Dawn Miller,I am absolutely loving EV Connect!!,5
29,com.evconnect.ionic,Matt Watkins,Excellent setup and easy to use.,5
30,com.evconnect.ionic,Maksim Shapiro,Excellwnt overall. A bit slow to load sometimes,4
31,com.evconnect.ionic,Dan Wilensky,Charging successfully. Thanks,5
32,com.evconnect.ionic,Andrew Stewart,Horrible experience. Does not accept credit cards. requires you to open app account. stops charging intermittently requiring you to log in for repeated small charging sessions delivering only a small amount of electricity each session. Delivers only a fraction of rated charging rate. Worst ever charging experience,1
33,com.evconnect.ionic,Elissa Levine,Easy peasy! Wish there were more and some fast charging too!,5
34,com.evconnect.ionic,Doug Jordan,Never opens. Uninstalled and downloaded again. Doesn't work at all.,1
35,com.evconnect.ionic,Michelle Van Allen,Definitely need more of the level 3 in our area. It's nice not having to wait so long,5
36,com.evconnect.ionic,Eric Hansen,Pretty easy to use,5
37,com.evconnect.ionic,Jessica Caldera,Standing outside in 100 degree weather watching this app circle round and round when I Press guest is not how I need to top off.,1
38,com.evconnect.ionic,Don Secor,So far the charging stations suck,1
39,com.evconnect.ionic,Gerardo Ortiz,Terrible machine they never work they never work I came 10 times already I don't 10 times only once the machine was working properly,1
40,com.evconnect.ionic,Brant Theriault,Omg so easy,5
41,com.evconnect.ionic,Pat McConnell,"Easy as ,dwnload app then have to remember username n password everything or b ready for some fun wit the App n downloadi g under diff account cause its easier. Closest to my building and thats o ly reason lol",5
42,com.evconnect.ionic,Lori Hentges,"Easy to use,finds local stations, remembers favorites. Just plug in and hit ok.",5
43,com.evconnect.ionic,Bill O'Dell,Worked great again!!,5
44,com.evconnect.ionic,Charles Trout,Ulster and Modena working great!,5
45,com.evconnect.ionic,Jason Rosenzweig,"Not sure who to blame but app said $0.35/kwh free parking in Wildwood Crest, this was comparable to tesla SC rates. Well to my surprise after about 3 hours and 20kwh delivered and I'm only at 65% I'm charged $40. This is $2/kwh what is going on here? I will be disputing with my bank..",2
46,com.evconnect.ionic,Eilroma Ovrahim,This is really great. The spot that I am going is available and charges fast,5
47,com.evconnect.ionic,Jack Chastain,Easy to use and love free charging!,5
48,com.evconnect.ionic,Mike Sidoran,Convenient! But a little confusing! Numbers not clearly visible. On the side.,3
49,com.evconnect.ionic,Mike M,Found several free charging stations in my area and I know when they are available to use.,5
50,com.evconnect.ionic,Morris Big,"Works for me, everyday!",5
51,com.evconnect.ionic,A D,Lousy. Will not open,1
52,com.evconnect.ionic,Bob Metzger,Charger connects and disconnects continually,1
53,com.evconnect.ionic,Robert Grace,Nice,4
54,com.evconnect.ionic,Henry Tran,Conveniently next to my work. Able to get a full charge in a matter of hours.,5
55,com.evconnect.ionic,Rex Moser,Super easy to use.,5
56,com.evconnect.ionic,Bryan Adams,Over priced. Only charges at 3.1 to 3.2 kWh. App fails alot..,2
57,com.evconnect.ionic,John Dewey,Easy and works perfect. Please keep guest mode as I don't like logging into things. Charges my car so so fast.,5
58,com.evconnect.ionic,D. Hnobody,Great great great why to say thank you for all you do at EV connect I and I'm sure everyone appreciate it,5
59,com.evconnect.ionic,Tim Wallace,Very easy to use.,5
60,com.evconnect.ionic,T. R.C Oten,Easy to use.,5
61,com.evconnect.ionic,rb g,The lack of more filters makes it basically not useable,1
62,com.evconnect.ionic,Robert Lang,Works!!,5
63,com.evconnect.ionic,James Carmody,"Working, helpful, so far bug-free electric vehicle charging app.",5
64,com.evconnect.ionic,j harboy,"This app is awful but, necessary for charging. Sema, chargepoint and evgo work great!",1
65,com.evconnect.ionic,Abel Castillo,Easy to use once installed and set up.,5
66,com.evconnect.ionic,Jesse Bradberry,Great tool for college students,5
67,com.evconnect.ionic,Marcia Newsom,There were 2 available stations. I plugged in to 1 and got a message that it was charging .4-5 minutes later I got a message that it had stopped charging. I called the number for help and repeated the actions. I was then told to go to the other station. It may be working. I really won't know for a while.,3
68,com.evconnect.ionic,R Zbinden,Plug is stuck in my car. Rep unable/unwilling to assist by sending a rep out to my location to assist. Unit is in disrepair.,1
69,com.evconnect.ionic,Almira Restaino,Nice location in park and free charging....thanks,5
70,com.evconnect.ionic,Hayden Manning,"So far it is great Update: Sometimes the charging network doesn't disconnect and had an idle fee, which was eventually refunded. Now I look each time if it disconnects, and sometimes it doesn't and I have to call to get it disconnected.",4
71,com.evconnect.ionic,Colegrove 72,Great service,5
72,com.evconnect.ionic,juan vazquez,"Station in maintenance mode, Always",1
73,com.evconnect.ionic,Juan A,Just started using the app. So far i can't complain. The chargers are always available.,4
74,com.evconnect.ionic,John Ross,This is for the USA only. For the Bank of Nova Scotia 'FAST'DC chargers search for EV Connect Canada.,1
75,com.evconnect.ionic,celene v.,Simple app setup,5
76,com.evconnect.ionic,RG Rowan Olmstead,"1st time using the app, seems pretty straight forward. Set up payment and away you go. Chargers are equivalent to Tesla destination chargers. Overall, good experience.",3
77,com.evconnect.ionic,Lowell Goodsell,Excellent charging station!,5
78,com.evconnect.ionic,Lex Ngo,Some of the stations outside vicinity of NYC do not work well. However in western new York state I've had zero problems activating charging sessions,3
79,com.evconnect.ionic,Russell Wood,Excellent,5
80,com.evconnect.ionic,Dr J Swizzle,Love the free stations. Wish there more near me,5
81,com.evconnect.ionic,chad faeldonea,Great!!!,5
82,com.evconnect.ionic,Eragon Drako,No internet connection bwhere this particular charge station is located,3
83,com.evconnect.ionic,John Daniel,Very easy to use,5
84,com.evconnect.ionic,Chikow Chan,"Easy, convenient.",5
85,com.evconnect.ionic,H. D,"If I could give more stars I would this is a great app easy to use, thanks to everyone at EV connect, can't say thank you enough, much appreciated",5
86,com.evconnect.ionic,Kyle Kreipke,N/a,4
87,com.evconnect.ionic,Jamie Mejia,Very helpful. Gives accurate notifications regarding all states of charging .,5
88,com.evconnect.ionic,Adam Cicciari,Easy to use,5
89,com.evconnect.ionic,Alvin Rosales,"Initial problems w my payment but other than that, smooth sailing.",5
90,com.evconnect.ionic,frank gabbard,Great app easy to use.,5
91,com.evconnect.ionic,Robert Elliott,So far so good,5
92,com.evconnect.ionic,Peter,The app has worked great. The only issue I've had is when stations do not have number one number two listed and so when you're trying to select one you never know which one is correct.,5
93,com.evconnect.ionic,Charity Grubb,Be careful! They will take your money and leave you stranded on the toll road and just say under maintenance sorry there's nothing they can do,1
94,com.evconnect.ionic,Ben Martin,Works for what I needed,5
95,com.evconnect.ionic,Charles Abbott,"The app seems to be ok. 1st time use at a station with 2 plugs, one didn't work and the other one gave false info until it finally started on it's own. Even though I got a text saying it stopped. Not as user friendly as other EV apps.",4
96,com.evconnect.ionic,Doug Harry,At least the location I'm using 3 of 4 chargers are broken.,3
97,com.evconnect.ionic,Ja Ron 1417,It's free. It's reliable,5
98,com.evconnect.ionic,Kathleen Dear,Easy to use and convenient.,5
99,com.evconnect.ionic,Lucy Ho,Took five tries for the charging session to begin,1
100,com.evconnect.ionic,Fasika Tamirat,Great so far,4
101,com.evconnect.ionic,Ron G,Quick and easy to use nice that you can start your car charging remotely,4
102,com.evconnect.ionic,William Stieritz,Excellent service and easy to find!,5
103,com.evconnect.ionic,A R,They work better than charge point....which I find are always broken and never fixed,5
104,com.evconnect.ionic,Das Star,"Tried station 2 of two. Appeared to connect then didn't. Left for appointment. After appointment, we connected to the other, now vacant station. Station 1 began charging. This has been a problem on other occasions in the City of Cincinnati /Kroger lot.",3
105,com.evconnect.ionic,Jean-Pierre Seibel,Works well. I'm having trouble getting my Camera to work with it so I have to type the station number,5
106,com.evconnect.ionic,LJ Rabin,Fabulous,5
107,com.evconnect.ionic,H V,Great easy to connect can't thank EV connect enough,5
108,com.evconnect.ionic,Timothy Johnson,Thank you EV Connect for supporting cleaner air!,5
109,com.evconnect.ionic,Planet Walk,"Must have app to charge, but app will not download. Tried clearing cache, no such command available. On the bright side, evconnect customer service gave me a free charge. Thank you!",2
110,com.evconnect.ionic,Kyle Johnsen,Works perfectly. Easy to use.,5
111,com.evconnect.ionic,Standing Deer Perry,Ev connect never fail me yet,5
112,com.evconnect.ionic,Adriana Coronado Maldonado,Awesome! I use my city halls EV connect stations.,5
113,com.evconnect.ionic,C Coleman,"Only accepts ""credit cards"" and PayPal. No debit cards.",1
114,com.evconnect.ionic,William LaBarre,Easy and works!!,5
115,com.evconnect.ionic,Gretmarie Medina,The best Only need put more dc fast in brooklyn and Manhattan 🥰😍🤩,5
116,com.evconnect.ionic,Jeongmyun Lee,"Easy, but want cheaper",4
117,com.evconnect.ionic,Mark Hartsuyker,Works flawlessly every time we connect.,5
118,com.evconnect.ionic,Tammy Reed,"Worked great! Easy to use, very user friendly.",5
119,com.evconnect.ionic,Kayla Olvera Hilario,Super easy to use. Loving this charger.,5
120,com.evconnect.ionic,Socorro Ibarra,Great and convenient,5
121,com.evconnect.ionic,Larry Ferguson,Got ripped off never got money back. After figuring that you can't just slide you debt card at the station you actually need this app and have a account to not have a 35.00 hold put on your card then after a few days they actually charged my card 35.00. When calling them they were useless they put in a request for my money to be returned never happened. You know EV connect if I stoled someone's money I would go to jail guess your above that.,3
122,com.evconnect.ionic,Not Dr Strange,There are no charging stations on the map. Customer service took 3 days to respond and had no answer.,1
123,com.evconnect.ionic,nancy roberts,"Could not use or figure out how to ""get an account!""",1
124,com.evconnect.ionic,Robert Benson,"Works good after you get everything set up,",5
125,com.evconnect.ionic,Jesus Arreola,Works Good.,5
126,com.evconnect.ionic,Tim Madler,Lots of Trouble charging,1
127,com.evconnect.ionic,Juan Covarrubias,Time is is money and DC FAST charging is the only way to go. Ez to use and price is very fair.,5
128,com.evconnect.ionic,Noemi Mai,East to use and charges fast. App makes it easy to plug in,5
129,com.evconnect.ionic,Eduardo Quintero,Awesome!,5
130,com.evconnect.ionic,Fabiang35224@gmail.com Contreras57,Great experience with these station it charge faster.,5
131,com.evconnect.ionic,Regina Jackson,"It's awesome! FREE and exceptionally convenient. Unfortunately, I don't own my own home...I reside in apartment bldg. And overnight charging is impossible. Therefore I'm forced to use the available charging stations. With the 2 in my area, they're becoming more and more popular everyday. However this APP great! It allows me to even be able to confirm if a connecter is available so that I'm not making a blank trip lowering my available driving range risking running out FULLY! I SUGGEST THIS A",5
132,com.evconnect.ionic,Jose Rosales,I find it alittele complicated to use.,4
133,com.evconnect.ionic,Jeanette Clark,"This particular station is slower than most stations around town. Most level 2 stations will give you 20 to 22 miles an hour added. This station gives you 4 miles maybe, in an hour. I'm only using it because I dropped my mom off to church and I have an hour to burn. ***Edit*** I was pleasantly surprised after using the station today. I'm not sure if there's been upgrades but the car charged fast. I switch my rating from 2 stars to 5.",5
134,com.evconnect.ionic,Ernie Cambrone,Easy to use and connect,5
135,com.evconnect.ionic,Joshua DeNova,"Simple, clean, quick. No issues",5
136,com.evconnect.ionic,Christina Meinke,Doesn't provide nearly as much information as other company's apps and there's no remote pause/stop on the app. They should really look at the design of other companies and try to compete more with them.,1
137,com.evconnect.ionic,Wei Pan,Good and easy to use,5
138,com.evconnect.ionic,Joecelyn Ojeda-Carreon,This station is convenient for me. It is in a shopping and dining plaza and close to my p.,5
139,com.evconnect.ionic,N Nichols,Works well,5
140,com.evconnect.ionic,BARBEROUSS BARBEROUSS,"Nice app, simple to use...",5
141,com.evconnect.ionic,Ronald Ortiz,"Just purchased vehicle recently, associates very courteous, and knowledgeable about electric info, great location, sent me key fob, works great, thanks again",5
142,com.evconnect.ionic,Scott A,found zero charging stations,2
143,com.evconnect.ionic,Bonnie Baxter,"Works fine. The only problems I've had are with the chargers themselves not working. But customer service has been great, and the chargers eventually got fixed. I haven't used a paid charger, so I can't speak to payment functions.",4
144,com.evconnect.ionic,Max Gorbunov,"Could not see the map from the web, installed the app. Could not see the map as a guest. Tried to create an account. Could not sign up from the app. Uninstalled.",1
145,com.evconnect.ionic,Joe Naturale,"It works, but it could use some improvement to be more intuitive.",4
146,com.evconnect.ionic,Cory Balliet,"Easy to use. Kinda sucks that you NEED the app to use the chargers, but overall I like it.",5
147,com.evconnect.ionic,Catherine Shepherd,The app works. Not annoying. Charges and Takes Payment.,5
148,com.evconnect.ionic,Shey Lionheart,easy app and love that I can get text updates about when my vehicle is charged!,5
149,com.evconnect.ionic,ted hargis,Easy to download app. Works great,5
150,com.evconnect.ionic,Daniel Canonigo,"Simple, fast, and user friendly!",5
151,com.evconnect.ionic,Dr. Steve Rappleyea,Great!,5
152,com.evconnect.ionic,Ian Goodwin,F'n Awesome!,5
153,com.evconnect.ionic,Dak Simonton,Works great!,5
154,com.evconnect.ionic,Travis Bottiglier,Works every time!,5
155,com.evconnect.ionic,Michael Brack,Works at work!,5
156,com.evconnect.ionic,Kyle Jonston,Worst EV charging station I've ever experienced.,1
157,com.evconnect.ionic,Mark Domzalski,"In my building and working great, need to service stations 1122, I'd 2",5
158,com.evconnect.ionic,Ting Chen,super good👍,5
159,com.evconnect.ionic,Mark Fraser,Excellent,5
160,com.evconnect.ionic,Luis G,works!,5
161,com.evconnect.ionic,Kevin Giles,Easy to use app and stores payment,5
162,com.evconnect.ionic,Christina Long,Easy to use,5
163,com.evconnect.ionic,Akshay Deshpande,"They bug from below is resolved, now the app crashes after the Dec16 update. ___________ Can you just adhere to the settings I choose, please? I have un-selected push notifications at least 5 times on my Samsung S 10e. Yet every time I plug in, or it stops charging, or disconnects here is a notification on my phone.... Fix this bug!",2
164,com.evconnect.ionic,chekib gaida,Awesome,5
165,com.evconnect.ionic,Steve Bremser,Plug in enter the code and it charges.,4
166,com.evconnect.ionic,Doug Rice,Easy to use.,5
167,com.evconnect.ionic,Q Ng,Works well. Haven't had an issue,5
168,com.evconnect.ionic,A Google user,Great,5
169,com.evconnect.ionic,K.T. Chen,Does the job and well.,5
170,com.evconnect.ionic,K Nelson,Great app. Location I use is not actually on it though.,4
171,com.evconnect.ionic,Gloria Nino,So easy,5
172,com.evconnect.ionic,Fred Marshall,Easy to use interface. Helpful status updates via text. Real time charging info. Great app.,5
173,com.evconnect.ionic,John K.,Awful,1
174,com.evconnect.ionic,Paul Kruger,Works great.,5
175,com.evconnect.ionic,Steve Frank,App works reliably for me.,5
176,com.evconnect.ionic,Abdoulaye Sankhare,Works great for my vehicle and so cheap!!! Loving it!!!,5
177,com.evconnect.ionic,David Johnson,"Little difficult to sign up, but easy enough after that",5
178,com.evconnect.ionic,Olga Z,It's one of the most used apps for me. Very easy to use and reliable.,5
179,com.evconnect.ionic,Bruce Peachey,Excellent,5
180,com.evconnect.ionic,Raffa Nowden,Waste. Makes you create an account to discover if there are chargers in your area,1
181,com.evconnect.ionic,Eris Xu,"Good location, very convenient, easy to use. Highly recommended.",5
182,com.evconnect.ionic,Vernon Brewster,Good app,5
183,com.evconnect.ionic,SM Burtt,Works well,5
184,com.evconnect.ionic,Angela Kedzior,Excellenr,5
185,com.evconnect.ionic,Michael Fernandes,A little slow,3
186,com.evconnect.ionic,Waqas Iqbal,Works but kinda slow. Wish it had nfc function like charge point.,4
187,com.evconnect.ionic,Peter Kline,Honestly one the better no-nonsense charging applications.,4
188,com.evconnect.ionic,DeAnna McGarr,Love this place to charge,5
189,com.evconnect.ionic,Sean T.,Works as designed,5
190,com.evconnect.ionic,Angelo Musto,"Very helpful. I've experienced a few glitches at times, but good overall.",4
191,com.evconnect.ionic,Donnamarie Vanderhorst,"Easy and very affordable DC charging . Setting up the app was super easy. At the station plug into my car, then just two clicks on the app and it starts the charge to my car. Very impressed. The rate ($0.30/kWh) is very reasonable. In 1/2 hour I have added 50%-60% charge to my SL Leaf battery. Better than 120V charge stations that are $3.00/ hour and lucky to get 15% charge on them. In 1 hour. Thank you",5
192,com.evconnect.ionic,JerrY WithaGandani,Charged up,5
193,com.evconnect.ionic,Joseph Pearson,Good,5
194,com.evconnect.ionic,Aidan Sojourner,"Very good, stable, pretty, and easy to use.",5
195,com.evconnect.ionic,Rodmen Hill,If it's free it's for me,5
196,com.evconnect.ionic,Esteban Engineering,Works just as it should of you follow the instructions.,5
197,com.evconnect.ionic,Jeff Uher,Horrible charge station! Plug 2 NEVER CONNECTS to my car. This is at Greenstar in Itbaca NY. I know others have same problem. Get Chargepoint if you can.,1
198,com.evconnect.ionic,Lina De La Cruz,I wish we had a better way to report damage station,4
199,com.evconnect.ionic,David Rea,"Works great for charging but occasionally locks up on the splash screen. Usually not a problem to kill and restart the app, but when you're standing at the charger gloves-off in sub-freezing temps it's not the best UX. I'd much prefer to be able to activate the charger from inside the car before getting out and plugging in.",4
200,com.evconnect.ionic,David Mayorga,"Easy to use. EV Connect offers a key fob, for easy, and convenient way to pay. 😊",5
201,com.evconnect.ionic,A Google user,i love this station,5
202,com.evconnect.ionic,A Google user,so far so good,4
203,com.evconnect.ionic,A Google user,"great company , when I go to the gym always have free changer.",5
204,com.evconnect.ionic,A Google user,good,5
205,com.evconnect.ionic,A Google user,Great app,5
206,com.evconnect.ionic,A Google user,Works well. Much improved from earlier iterations.,5
207,com.evconnect.ionic,A Google user,"This app works but it lacks the features that other EV charging apps have. ChargePoint has the ability to use NFC. This app makes you scan a QR code or key in a charger number. Sometimes, you need to be authorized by the station owner to use a charger but this app doesn't let you know this until you're in the parking lot, ready to go. Once you're authorized, the process to begin charging is also cumbersome.",3
208,com.evconnect.ionic,A Google user,"Good app, easy to use. Simple interface and it's been very reliable. Haven't had any charging issues or issues with the app. Nice work!",5
209,com.evconnect.ionic,A Google user,Easy to use & convenient,5
210,com.evconnect.ionic,A Google user,Works nicely. Had an issue with a charger not reporting and customer service did take care of it.,5
211,com.evconnect.ionic,A Google user,"Allows me to charge for free at work. Now can detect if cars are plugged in (but not charging), meaning you can tell if spots are occupied by EVs.",5
212,com.evconnect.ionic,A Google user,There Great!,5
213,com.evconnect.ionic,A Google user,Awesome!!!,5
214,com.evconnect.ionic,A Google user,"Good app, gives good info on all charging station availability, rates etc. Limited network, but hopefully that will grow in the future.",5
215,com.evconnect.ionic,A Google user,"Not optimal but it gets the job done. Would be nice to be able to save payment methods and just select charge. Also in order to get a fob, you have to pay $7? Every other membership I have for charging just sends you a free fob when you add your billing address. I use this app only because it is required for the chargers at my office, and prefer ChargePoint when available.",2
216,com.evconnect.ionic,A Google user,"Some of these issues are probably due to back end issues, or chargers not communicating to the back end; but charge sessions often fall to start, fail to terminate when unplugged, or give other inaccurate info about status. Based on my experience at work chargers (which thankfully I don't pay for); I will avoid EV Connect chargers on my travels. (Thank you Tesla Superchargers for showing how charging ought to work. Plug in. Charge.) Also phone confirmation code never arrives. (App version 3.2.1)",2
217,com.evconnect.ionic,A Google user,Great app,5
218,com.evconnect.ionic,A Google user,Easy,5
219,com.evconnect.ionic,A Google user,After the install and i try to open it at the first time : unfortunately ev connect has stopped. Then it closed the apps thats it and i install and uninstall 5 times still wont work.,1
220,com.evconnect.ionic,A Google user,App connects pretty well but it has such a decieving and wrong experience. As soon as the app starts and the connection is complete it keeps on sending notifications alternatively Charging started and then Charging Stopped and it keeps doing so as long as we are in a Charging session for no reason every 30 secs or so.... Also for some reason I have to go through the payment flow and check the conditions box every time I start the session.... Please fix the notifications it is so annoying,2
221,com.evconnect.ionic,A Google user,Easiest to use EV charging service. Wish there were more stations around me,5
222,com.evconnect.ionic,A Google user,Great app for charging my ev.,5
223,com.evconnect.ionic,A Google user,Works great,5
224,com.evconnect.ionic,A Google user,Easy to EV-Connect! Highly recommended!,5
225,com.evconnect.ionic,A Google user,EV connect does not seem to be aware that the primary use of apps like these is to find a charger and see if it is in use.,1
226,com.evconnect.ionic,A Google user,It free at the workplace VERMONT CORRIDORS DCFS,5
227,com.evconnect.ionic,A Google user,Needs to work with Android Auto. Maybe tie in with Waze or Google Maps.,3
228,com.evconnect.ionic,A Google user,"Good charges/ great rates, but when a station has a problem it takes a while before it gets back up.",4
229,com.evconnect.ionic,A Google user,"After an update a few weeks ago, you can't start a session after plugging in. It says the station is occupied. This is extremely inconvenient. You end up having to stand outside waiting for the session to start before plugging in.",2
230,com.evconnect.ionic,A Google user,Simple to use great experience,5
231,com.evconnect.ionic,A Google user,Very responsive. Need to carefully align camera to ensure registration. I'm tall and this can be a problem.,4
232,com.evconnect.ionic,A Google user,"problems with connecting based on prompts, connected but shows still connected.",2
233,com.evconnect.ionic,A Google user,App seems to work well. Charger doesn't,2
234,com.evconnect.ionic,A Google user,"Terrible network never works, ripping off municipalities",1
235,com.evconnect.ionic,A Google user,"For the last 5 or 6 charges I've needed to do, going back now than a month, the app just crashes when I try to start a charge. I have to call support every single time I want to charge and I'm getting really tired of it.",1
236,com.evconnect.ionic,A Google user,Tried using the app crashes when I try to use it to charge.,1
237,com.evconnect.ionic,A Google user,Doesn't work. App crashes all the time.,2
238,com.evconnect.ionic,A Google user,Good,3
239,com.evconnect.ionic,A Google user,Remove invasive permissions. You don't need all that access to activate stations.,1
240,com.evconnect.ionic,A Google user,I set up to receive chaege complete notification but the app never send one. I got higher charge as my car was idling. My co-workers also has same issue and notified the support but nothing happens nor response from them.,1
241,com.evconnect.ionic,A Google user,Downloads but doesn't install on Samsung Note 10+,1
242,com.evconnect.ionic,A Google user,The charging never fails. But my phone app does. I have to call customer service every time,4
243,com.evconnect.ionic,A Google user,App does not provide charge progress. Very limited info. Only current charge time is provided,2
244,com.evconnect.ionic,A Google user,Downloaded app. Can't find a map showing charger locations! No use.,1
245,com.evconnect.ionic,A Google user,Just doesn't work,1
246,com.evconnect.ionic,A Google user,"Wanted to try out this app, but discovered it isn't useful in Michigan. This app shows just one charge station (in the entire lower peninsula). Maybe this app is targeted just to California at this time?",2
247,com.evconnect.ionic,A Google user,"App does not give accurate plug status which makes sharing chargers in a workplace environment confusing and difficult. 'Available ' and 'unavailable' designations are uninformative and misleading. Further, by coopting the terms, EVConnect makes it harder for drivers to coordinate with one another.",3
248,com.evconnect.ionic,A Google user,"Worked for 1 week, now nothing but problems, including continuing to say I am charging when I am not--and I am being billed for it. Freezes, map inaccurate.",1
249,com.evconnect.ionic,A Google user,great service for charging my car,5
250,com.evconnect.ionic,A Google user,newly updated app is easy to use and navigate. additional features make it even easier to charge.,5
251,com.evconnect.ionic,A Google user,Easy to use. Intuitive. Works well. Nice UI and UX.,5
252,com.evconnect.ionic,A Google user,Can't even pass the registration when the year selection is blank,3
253,com.evconnect.ionic,A Google user,Once again your app won't connect to the charging station. No known updates available and no automatic updates available. At least your customer service answered the phone quickly and they authorized my charging session. Why anyone installing a charging station would use your company is beyond me. Yea for ChargePointe! My review stands! You reply 18 months later!,1
254,com.evconnect.ionic,A Google user,The new version of the app is a great improvement. Looking forward to all the new future features that are going to be added!!!,5
255,com.evconnect.ionic,A Google user,The migration to the new app was flawless and has always charged my Tesla 3,5
256,com.evconnect.ionic,A Google user,Everything is working as it should! Thanks for the update.,5
257,com.evconnect.ionic,A Google user,New app is a huge improvement.,5
258,com.evconnect.ionic,A Google user,"I used this app a few months ago with no problems. today's attempt to use the app at the same facility is a total fail. It will not allow me to input the email and password because a box pops up and says that the app requires an update. However, it is updated and appears to be ready to go, but this box pops up nonetheless and I am prevented from using the charging station. Totally frustrating.",1
259,com.evconnect.ionic,A Google user,"need more features such as ""charger available"" notification, ""join waitlist"" option. currently this is driving a very ad hoc charging at my work. if there is a charger available, then anyone can go and charge, but no one is notified if it is available to charge.",3
260,com.evconnect.ionic,A Google user,cost is too high and time consuming to dwnld and install the app,1
261,com.evconnect.ionic,A Google user,the app is very slow in updating compared to the actual unit.Their business practice is also pretty sketchy-charging$10/hr (even for the 30m grace period) if you are plugged in a few mins over the half hr grace time limit to unplug the car. This is a office location with most people attending meetings that are over half hr!There is also never more than 3/4 cars charging with over 20 empty spots! so don't see a need to penalize your customers with a penalty for a being a few mins late or no line.,1
262,com.evconnect.ionic,A Google user,"this is the worst charging station i have used yet. very slow, not enough (detailed) information.",1
263,com.evconnect.ionic,A Google user,"Would be nice if we could add the serial numbers of any RFID card to our account. We're on EV charging card overload. I have to keep a special wallet in my car. Maybe the app could read any RFID and automatically add it to the list, like my metro card, work RFID, or my EVGo card. just saying. I'm uncomfortable needing to always have my phone working when I need to charge.",3
264,com.evconnect.ionic,A Google user,easy to use,5
265,com.evconnect.ionic,A Google user,"Absolutely horrible........ After starting my account, you cannot actually use the charger, you must first get ""permission"" from the owner (private charge station).... Well this permission took almost 24hrs, once at the charge station the next day I couldn't actually get the thing to work, it never actually started charging..... I just gave up, drove a half mile down the road and used Charge Point,which when one is available works Awsome.......",1
266,com.evconnect.ionic,A Google user,most of the time does not work,1
267,com.evconnect.ionic,A Google user,i cannot even download it. it hangs at 100 percent downloaded. no button to open.,1
268,com.evconnect.ionic,A Google user,"This app and this company are a total FAIL. The app did not work - hung up during account setup. No answer on 3 calls to customer service. On 4th call, agent was helpful but said station showed as unavailable on her computer - even though the station displayed a green (available) light. she told me to load the new ""EV Connect 2"" app, which did not exist in Play Store. TOTAL DISASTER!! I will have to find a fast charger in the morning to enable me to drive back to Los Angeles (140 miles).",1
269,com.evconnect.ionic,A Google user,Easy to use,5
270,com.evconnect.ionic,A Google user,"The service allows FREE CHARGING at some locations. The app needs work, for some reason it did not show stations around my area",3
271,com.evconnect.ionic,A Google user,I could not even register because the a required pull-down menu of car model years does not function. And you can't register without ridiculous amounts of setup. It doesn't help that all I want to do is charge my car but have to go through this nonsense while while standing in the hot sun. Support staff didn't understand what I was even talking about. Forget this app and forget these chargers,1
272,com.evconnect.ionic,A Google user,Support staff is horrible.,1
273,com.evconnect.ionic,A Google user,"I just downloaded the app and started the registration process but the 
Tesla Model 3 is not an option to register. What gives?",1
274,com.evconnect.ionic,A Google user,"Couldn't get any stations to work, even after selecting them from the 
filters. Also won't dynamically pull up address from Google Maps. Guys, you 
really to put some time into the usability of the app. The overall layout 
looks ok but you need to, at the very least, add a function to plan a route.",1
275,com.evconnect.ionic,A Google user,Looks like it was designed in 2010,1
276,com.evconnect.ionic,A Google user,TfUsually doesn't work.,1
277,com.evconnect.ionic,A Google user,It's so bad that it wouldn't even let me report an issue.,2
278,com.evconnect.ionic,A Google user,"When attempting to register the app it kept having errors so I wasn't able to start using it.  None of the drop down screens worked. What a shame, we were going to charge at this companies charger tonight while we go see a movie but now we have to make other plans.",1
279,com.evconnect.ionic,A Google user,"Absolute garbage service!  This station breaks down on a consistent basis. This time I am stranded as I was relying on it to charge.  Calling customer service is useless.  They don't speak English well,  and they can't help.  They escalate your issue, and you to wait to receive a call back! The call never came!  I called them again 2 hours later,  and was told to keep waiting for their call!  This is absurd garbage service!",1
280,com.evconnect.ionic,A Google user,Useless app it's worse than the last crappy one. Also why would you have something that requires internet had stations underground. Wouldn't use again,1
281,com.evconnect.ionic,A Google user,"I'm less than thrilled with the app.  Example:  Had to create new user ID (email address), after which the app deleted my credit card, so it couldn't start charging.  However, the app didn't bother to tell me there was no longer a credit card on file; it just refused to charge.  Another example:  There was  ""phantom"" car already attached to the charging station, so after going thru the process of setting up charging, it refused to let me actually start charging because their servers thought a car (the ""phantom"" car) was still attached.  First level customer support is HORRIBLE; 2nd level support seems better, but they insist on you gong thru 1st level support so that the issue can be escalated so that 2nd level support can call you back.  Of course, by the time 2nd level support calls you back -- 20-30 minutes later -- you are probably no longer at your vehicle to deal with the issue.    Bottom line:  marginal app, bad 1st level support, decent 2nd level support.",2
282,com.evconnect.ionic,A Google user,Terrible experience,1
283,com.evconnect.ionic,A Google user,This new version app works on my Samsung galaxy mobile phone,5
284,com.evconnect.ionic,A Google user,This is not ready.  Can't enter credit card.  PayPal takes me to a mock transaction screen.  I can't even submit a broken report.  This app just doesn't work.  And they released out on a Friday which means it won't be fixed quickly.  They need to hire some real software engineers.,1
