,Package name,Reviewer name,Review,Rating
0,com.nayax.evframework,Shlomi Gabai,working / connecting only after 3 minutes if you have only Bluetooth / car is in an underground parking. it should check for WIFI for no more than 20 seconds.,2
1,com.nayax.evframework,Ronny W,מעולה. תוקן השליטה דרך 4G לפעמים העמדה לא מטעינה כלל אם הכבל חובר לרכב MG יותר ממספר דקות לפני הטעינה או שיש טיימר להתחלת טעינה בלילה. בנוסף מאבד תקשורת הרבה פעמים ויש לאפס את האפ' באנדרואיד כדי לשנות פרמטר.,4
2,com.nayax.evframework,Amir Malki,"Useful, the only that need fixing is the connection protocol switch - when I start the app near the charger it connect vie Bluetooth. If I then get into my apartment (far from the charger) and open the app, it isn't connected automatically via WiFi, I need to close the app and reopen it",4
3,com.nayax.evframework,Alex Volkov,"After the last charger firmware update, I can not start to charge my car....",1
4,com.nayax.evframework,Avi Klayman,Very bad communication with the charging station. Many time the app stuck on trying to get historu. Needs much improvement and should work on cellular as well.,2
5,com.nayax.evframework,Ofir Vashdi,לא ניתן להתחבר לעמדה,2
6,com.nayax.evframework,חן ועמית קושמירק,מאוד מאכזב שאין הסטוריית טעינה כמו באפליקציות אחרות,2
