,Package name,Reviewer name,Review,Rating
0,com.evconnect.evcloud.evcca.mobile,AJ AJ,Amazing service & convenient locations. Suggestion pls include at what KW you are providing the charge. eg 44kw.,5
1,com.evconnect.evcloud.evcca.mobile,Pierre Sullivan,"I was driving in New York and needed to use some of the Chargers there and could not because I cannot download the US version of EV connect. I tried to use this app and it would not work there. I also tried to download the EV connect us app and was told that I could not. In order to make these things work, it's necessary to be able to use it when you travel. This is particularly important when Crossing borders.",1
2,com.evconnect.evcloud.evcca.mobile,Mike Paquette,This works well 😁,5
3,com.evconnect.evcloud.evcca.mobile,Kerowynn L,"The app works great, even if there is only one charging station in western Canada. When we needed help the service staff was great and solved our issue.",5
4,com.evconnect.evcloud.evcca.mobile,Air Gunny,Says ev route Canada yet only shows stations in the us,1
