﻿package name,app name,Google Play page,app description
net.vonforst.evmap,EV Map - EV Chargers,https://play.google.com/store/apps/details?id=net.vonforst.evmap,
com.fortum.evplus,EV+MAP,https://play.google.com/store/apps/details?id=com.fortum.evplus,EV+MAP will make your EV life easier. You can find charging stations and see if the specific port you need is available. You create your own account to easily start and pay for the charging.
ca.agyl.evduty,Evduty,https://play.google.com/store/apps/details?id=ca.agyl.evduty,EVDuty electric vehicle network charging application.
ch.evpass.evpass,evpass,https://play.google.com/store/apps/details?id=ch.evpass.evpass,"evpass is an app to access to the charging stations’ largest connected network of Switzerland.
You can instantly view the proposed plug types, the real-time availability and the possible payment systems.
The app could act as your usual RFID card, it can start or stop your charge, and to follow its real-time progression."
com.nayax.evframework,EV Meter,https://play.google.com/store/apps/details?id=com.nayax.evframework,"Enjoy the freedom to charge your EV whenever you need with our EV Meter app!
Our easy-to-use app works with our residential chargers – the Bee Meter Socket and the Bee Meter Cable. Once the chargers are installed, simply download the app and start managing your charging remotely.
Scan the unique QR code included in your installation kit to share your charger with friends and family!"
com.evchargingsolutions.evcs,EVCS,https://play.google.com/store/apps/details?id=com.evchargingsolutions.evcs,"EVCS has quickly become a recognized leader in electric vehicle charging stations, with thousands of convenient locations throughout the West Coast, an easy-to-use mobile app that offers you total control of your charging experience.

- Interactive Map: Quickly find chargers near you by searching an address, city or zip code and verify compatibility with your vehicle

- Charge Up: Simply enter the station ID or scan the QR code on the station with your phone to start changing

- Monitoring: See the status of your charging session in real time

- Account Management: View your charging history or update account and payment information with ease"
com.gpstuner.evnavigation,EV Navigation,https://play.google.com/store/apps/details?id=com.gpstuner.evnavigation,"EV Navigation is a turn-by-turn navigation and route planner system, created for electric car users all around the world.

EV Navigation does not only provide users with a reliable navigation system, including charging stations, but it is also capable of calculating the range the users can cover with their individually selected electric car.

The range calculation takes a wide variety of parameters into consideration (driving habits, tire pressure, weight, wind, temperature, etc.), so that users have the opportunity to plan their trip precisely, anticipating the waiting time needed at charging stations.
We support each type of charger (Supercharger, CCS, CHADEMO, Type 2, and all others). Charging times and the planned routes are synchronized and calculated in parallel, so that the users can spend the minimum time in waiting, while being granted a safe and the fastest possible route to their destination."
com.evconnect.ionic,EV Connect,https://play.google.com/store/apps/details?id=com.evconnect.ionic,"EV Connect is the home of the most innovative, robust and feature-rich cloud-based software platform for managing electric vehicle charging stations, their interaction with utilities and the driver experience.

The EV Connect App uses location-based services to allow drivers to easily find, access, and securely pay for EV charging. Drivers can search for and locate electric vehicle charging stations based on location, station ID, availability, power level provided, and accessibility.

Start charge sessions simply by scanning QR codes or entering the desired station ID in the app.

With the EV Connect electric vehicle charging app, you can also:

 Monitor your current charge sessions in real-time
Get phone notifications as soon as your EV is finished charging
Make secure payments
Favorite locations that have easy access to your commonly used EV charging stations
Receive an email receipt of your EV charging transactions
View a history of past charging sessions
Report drivers that abuse charging station use"
com.evconnect.evcloud.evcca.mobile,EV Connect Canada,https://play.google.com/store/apps/details?id=com.evconnect.evcloud.evcca.mobile,"The EV Connect Canada app uses location-based services to allow drivers to easily find, access, and securely pay for EV charging. Drivers can search for and locate electric vehicle charging stations based on location, station ID, availability, power level provided, and accessibility.

Start charge sessions simply by scanning QR codes or entering the desired station ID in the app.

With the EV Connect Canada electric vehicle charging app, you can also:

Monitor your current charge sessions in real-time
Get phone notifications as soon as your EV is finished charging Make secure payments
Favorite locations that have easy access to your commonly used EV charging stations
Receive an email receipt of your EV charging transactions
View a history of past charging sessions
Report drivers that abuse charging station use"
com.driivz.mobile.android.evgo.driver,EVgo,https://play.google.com/store/apps/details?id=com.driivz.mobile.android.evgo.driver,"EVgo is the fast, reliable, easy way to charge your EV on-the-go. Find EV charging stations, see real-time charger details, reserve, and charge today! With 310,000 customer accounts and growing, join the EVgo network today.

*FIND A FAST CHARGER*

View the map to find an EV charger near you, then check real-time availability, get turn-by-turn directions, and start charging.

*FAST CHARGING IN THREE EASY STEPS*

Plug in. Tap to start. Charge up and go.

Download the EVgo charging app today to charge your EV and go further, faster.

Easy login — Log in with phone & text message or email & password

View site details — Find parking information, pricing, site photos

Advanced search — Search by site host name, points of interest, location

*PERSONALIZE YOUR EV CHARGING*

Filter EV Charging Map: Filter by connector, charger power, and reservable chargers

Connect Your Vehicle: Scan your VIN to show only EV charging stations compatible with your EV’s connectors plugs

Customize Your Profile: Choose notifications, view your charging stats, make in-app changes to your account

*VIEW CHARGING DASHBOARD*

Monitor your charging sessions and find important session details like charge time, state of charge and more.

*EARN EVgo REWARDS™*

Earn points by charging your EV and redeem them for real rewards1.

*RESERVE YOUR EV CHARGER*

Locate available chargers, view upcoming reservations, and reserve a charger any time. Reserve Now™ is available in select locations across the US.

*ENJOY EVgo ADVANTAGE™*

Shop while you charge. Access in-app coupons and receive store discounts from participating businesses near your favorite EV charging stations.

*GAIN EVgo ACCESS™*

Access fast chargers located within gated facilities using a QR code and get free entry for the duration of your EV charging session2.

*INTEGRATED HELP CENTER*

Find answers to your questions, get troubleshooting assistance, watch videos and guides, and access online support from the EVgo Charging Crew.

*DESIGNED FOR EVERY EV DRIVER*

EVgo charging stations are compatible with EV connectors (CHAdeMo, CCS, and Integrated Tesla Connectors at select locations) and all battery electric vehicles (BEVs) including:

 BMW i3 charging
 Nissan LEAF charging
 Chevy Bolt charging
 Tesla Model S charging
 Tesla Model 3 charging
 Hyundai Ioniq charging
 Audi e-tron charging

*FAST CHARGING AT YOUR FINGERTIPS*

Download the EVgo app today to charge faster and drive further for less than ever before.

1 Points only accumulate at EVgo charging stations, roaming partners excluded. When you redeem 2,000 points, $10 will be credited to your account.

2 Duration limit varies by location."
com.digitalautoguides.teslato,EV Trip Optimizer for Tesla,https://play.google.com/store/apps/details?id=com.digitalautoguides.teslato,"If you experience any problems with the app and need help please use the Feedback Report on the main menu.

EVTO has refined the most popular EV trip planner app for phone sized devices. Plan trips on your phone with multiple waypoints. Explore charging options using the charger overlays, have EVTO decide where to charge for you. Save frequently-used locations like 'Home' to speed up trip planning. EVTO is the only EV trip planner you'll need, and it's always with you.

EVTO is predominantly a subscription-based application, for both monthly or annual use. You can try EVTO for one week without commitment. With the free version you have all you need to plan day trips and you can subscribe to the extra features as needed. See http://www.digitalautoguides.com/#evto_main for all the features, help, tutorials and other valuable information before you install the application.

Please use the Feedback Report on the main menu or send an email to support@digitalautoguides.com if you encounter any issues while using the app.

The application takes into account your car's characteristics such as model, battery, charger, wheels, motors and tires along with your driving style. During planning the application collects en route weather, determines elevation gains/losses, uses wind speeds, temperatures, estimated speed, charging capabilities and your state of charge to help you discover the optimal trip with the least amount of total time expended.

You can save your trips* to be used over and over again, compare trips to each other using a variety of provided charts and graphs.

Standard Features Include:

 Optimized routing based on time
 Map based planning
 Automatic Supercharger allocation and charging time
 Trip limited to 500 mi / 800 km
 Add 3 stopover and charging waypoints of your own
 Automatic weather forecasts for route
 Weather energy calculation (temperature, wind, road conditions and precipitation)
 Show details of your trip
 Support for both phones and tablets
 Help on each panel and feature
 Graph energy (SoC) for the trip by distance
 Chart average energy consumption details by leg
 See and use non-Tesla chargers en route (USA Only)
 Create custom charging waypoints
 Share trips with other EVTO 4 Tesla users

Currently the advanced features* include:

 Additional optimization by minimum distance, energy or stops
 Minimum waypoint stop times
 Adjust minimum SoC by waypoint
 Create round trips (out and back)
 Reserve energy at destination for local travel
 Multiple car support (up to 5)
 Automatically integrate the trips into your calendar and navigation
 Compare trips with charts and tables
 Removal of trip length restriction
 Create master trips spanning multiple days/routes (trip segments)
 Support for towing, power and speed settings
 Export trip details for use in other programs (CSV)
 e-Mail trip itinerary
 Manage trips (store, delete, archive, restore, copy and reverse route)

* Requires subscription IAP

 The optional IAP subscriptions are for a period of 12 months or 30 days, whichever you prefer
 New subscriptions have a 1 week trial that can be cancelled for no charge during that period
 Payment will be charged to your account at confirmation of purchase
 Subscriptions will automatically renew unless auto-renew is turned off at least 24-hours before the end of the current period
 Account will be charged for renewal within 24-hours prior to the end of the current period, and identify the cost of the renewal
 The subscriptions may be managed by you and auto-renewal may be turned off by going to your Account Settings after purchase
 You can find out Terms of Use at this site
http://www.digitalautoguides.com/dag-license/
 Any unused portion of the free trial period will be forfeited when you purchase the subscription"
,,,
