﻿package name,app name,feature
net.vonforst.evmap,EV Map - EV Chargers,Material Design
net.vonforst.evmap,EV Map - EV Chargers,Shows all charging stations from the community-maintained GoingElectric.de and Open Charge Map directories
net.vonforst.evmap,EV Map - EV Chargers,Realtime availability information (only in Europe)
net.vonforst.evmap,EV Map - EV Chargers,Integrated price comparison using Chargeprice.app (only in Europe)
net.vonforst.evmap,EV Map - EV Chargers,Map data from OpenStreetMap (Mapbox)
net.vonforst.evmap,EV Map - EV Chargers,Search for places
net.vonforst.evmap,EV Map - EV Chargers,"Advanced filtering options, including saved filter profiles"
net.vonforst.evmap,EV Map - EV Chargers,"Favorites list, also with availability information"
net.vonforst.evmap,EV Map - EV Chargers,"No ads, fully open source"
com.fortum.evplus,EV+MAP,Find charging stations
com.fortum.evplus,EV+MAP,See if the specific port you need is available
ch.evpass.evpass,evpass,"View proposed plug types, real time availability and possible payment system"
com.nayax.evframework,EV Meter,Managing your charging remotely
com.nayax.evframework,EV Meter,share charger with friends or family
com.evchargingsolutions.evcs,EVCS,"Interactive Map: Quickly find chargers near you by searching an address, city or zip code and verify compatibility with your vehicle"
com.evchargingsolutions.evcs,EVCS,Charge Up: Simply enter the station ID or scan the QR code on the station with your phone to start changing
com.evchargingsolutions.evcs,EVCS,Monitoring: See the status of your charging session in real time
com.evchargingsolutions.evcs,EVCS,Account Management: View your charging history or update account and payment information with ease
com.gpstuner.evnavigation,EV Navigation,"not only provide users with a reliable navigation system, including charging stations, but it is also capable of calculating the range the users can cover with their individually selected electric car."
com.gpstuner.evnavigation,EV Navigation,"The range calculation takes a wide variety of parameters into consideration (driving habits, tire pressure, weight, wind, temperature, etc.), so that users have the opportunity to plan their trip precisely, anticipating the waiting time needed at charging stations."
com.gpstuner.evnavigation,EV Navigation,"We support each type of charger (Supercharger, CCS, CHADEMO, Type 2, and all others). Charging times and the planned routes are synchronized and calculated in parallel, so that the users can spend the minimum time in waiting, while being granted a safe and the fastest possible route to their destination."
com.evconnect.ionic,EV Connect,Monitor your current charge sessions in real-time
com.evconnect.ionic,EV Connect,Get phone notifications as soon as your EV is finished charging
com.evconnect.ionic,EV Connect,Make secure payments
com.evconnect.ionic,EV Connect,Favorite locations that have easy access to your commonly used EV charging stations
com.evconnect.ionic,EV Connect,Receive an email receipt of your EV charging transactions
com.evconnect.ionic,EV Connect,View a history of past charging sessions
com.evconnect.ionic,EV Connect,Report drivers that abuse charging station use
com.evconnect.evcloud.evcca.mobile,EV Connect Canada,Monitor your current charge sessions in real-time
com.evconnect.evcloud.evcca.mobile,EV Connect Canada,Get phone notifications as soon as your EV is finished charging
com.evconnect.evcloud.evcca.mobile,EV Connect Canada,Make secure payments
com.evconnect.evcloud.evcca.mobile,EV Connect Canada,Favorite locations that have easy access to your commonly used EV charging stations
com.evconnect.evcloud.evcca.mobile,EV Connect Canada,Receive an email receipt of your EV charging transactions
com.evconnect.evcloud.evcca.mobile,EV Connect Canada,View a history of past charging sessions
com.evconnect.evcloud.evcca.mobile,EV Connect Canada,Report drivers that abuse charging station use
com.driivz.mobile.android.evgo.driver,EVgo,Easy login — Log in with phone & text message or email & password
com.driivz.mobile.android.evgo.driver,EVgo,"View site details — Find parking information, pricing, site photos"
com.driivz.mobile.android.evgo.driver,EVgo,"Advanced search — Search by site host name, points of interest, location"
com.driivz.mobile.android.evgo.driver,EVgo,"Filter EV Charging Map: Filter by connector, charger power, and reservable chargers"
com.driivz.mobile.android.evgo.driver,EVgo,Connect Your Vehicle: Scan your VIN to show only EV charging stations compatible with your EV’s connectors plugs
com.driivz.mobile.android.evgo.driver,EVgo,"Customize Your Profile: Choose notifications, view your charging stats, make in-app changes to your account"
com.driivz.mobile.android.evgo.driver,EVgo,"Monitor your charging sessions and find important session details like charge time, state of charge and more."
com.driivz.mobile.android.evgo.driver,EVgo,Earn points by charging your EV and redeem them for real rewards1.
com.driivz.mobile.android.evgo.driver,EVgo,"Locate available chargers, view upcoming reservations, and reserve a charger any time. Reserve Now™ is available in select locations across the US."
com.driivz.mobile.android.evgo.driver,EVgo,Shop while you charge. Access in-app coupons and receive store discounts from participating businesses near your favorite EV charging stations.
com.driivz.mobile.android.evgo.driver,EVgo,Access fast chargers located within gated facilities using a QR code and get free entry for the duration of your EV charging session2.
com.driivz.mobile.android.evgo.driver,EVgo,"Find answers to your questions, get troubleshooting assistance, watch videos and guides, and access online support from the EVgo Charging Crew."
com.digitalautoguides.teslato,EV Trip Optimizer for Tesla,Optimized routing based on time
com.digitalautoguides.teslato,EV Trip Optimizer for Tesla,Map based planning
com.digitalautoguides.teslato,EV Trip Optimizer for Tesla,Automatic Supercharger allocation and charging time
com.digitalautoguides.teslato,EV Trip Optimizer for Tesla,Trip limited to 500 mi / 800 km
com.digitalautoguides.teslato,EV Trip Optimizer for Tesla,Add 3 stopover and charging waypoints of your own
com.digitalautoguides.teslato,EV Trip Optimizer for Tesla,Automatic weather forecasts for route
com.digitalautoguides.teslato,EV Trip Optimizer for Tesla,"Weather energy calculation (temperature, wind, road conditions and precipitation)"
com.digitalautoguides.teslato,EV Trip Optimizer for Tesla,Show details of your trip
com.digitalautoguides.teslato,EV Trip Optimizer for Tesla,Support for both phones and tablets
com.digitalautoguides.teslato,EV Trip Optimizer for Tesla,Help on each panel and feature
com.digitalautoguides.teslato,EV Trip Optimizer for Tesla,Graph energy (SoC) for the trip by distance
com.digitalautoguides.teslato,EV Trip Optimizer for Tesla,Chart average energy consumption details by leg
com.digitalautoguides.teslato,EV Trip Optimizer for Tesla,See and use non-Tesla chargers en route (USA Only)
com.digitalautoguides.teslato,EV Trip Optimizer for Tesla,Create custom charging waypoints
com.digitalautoguides.teslato,EV Trip Optimizer for Tesla,Share trips with other EVTO 4 Tesla users
com.digitalautoguides.teslato,EV Trip Optimizer for Tesla,"Additional optimization by minimum distance, energy or stops"
com.digitalautoguides.teslato,EV Trip Optimizer for Tesla,Minimum waypoint stop times
com.digitalautoguides.teslato,EV Trip Optimizer for Tesla,Adjust minimum SoC by waypoint
com.digitalautoguides.teslato,EV Trip Optimizer for Tesla,Create round trips (out and back)
com.digitalautoguides.teslato,EV Trip Optimizer for Tesla,Reserve energy at destination for local travel
com.digitalautoguides.teslato,EV Trip Optimizer for Tesla,Multiple car support (up to 5)
com.digitalautoguides.teslato,EV Trip Optimizer for Tesla,Automatically integrate the trips into your calendar and navigation
com.digitalautoguides.teslato,EV Trip Optimizer for Tesla,Compare trips with charts and tables
com.digitalautoguides.teslato,EV Trip Optimizer for Tesla,Removal of trip length restriction
com.digitalautoguides.teslato,EV Trip Optimizer for Tesla,Create master trips spanning multiple days/routes (trip segments)
com.digitalautoguides.teslato,EV Trip Optimizer for Tesla,"Support for towing, power and speed settings"
com.digitalautoguides.teslato,EV Trip Optimizer for Tesla,Export trip details for use in other programs (CSV)
com.digitalautoguides.teslato,EV Trip Optimizer for Tesla,e-Mail trip itinerary
com.digitalautoguides.teslato,EV Trip Optimizer for Tesla,"Manage trips (store, delete, archive, restore, copy and reverse route)"
