,Package name,Reviewer name,Review,Rating
0,net.vonforst.evmap,Jennifer Hodgdon,"Crashes as soon as I open the app, every time, on my old phone. Maybe it will work better on a newer phone.",1
1,net.vonforst.evmap,Stefan Johansson,"I have not yet got my Ev but the app is great. You can add your car and which one, if any, you have a contract with. The best feature is what you need to do, charge between (you set) like 20% to 80% and the cost. Simplified 👍",4
2,net.vonforst.evmap,MENDY BLAISE,Bonne application de recherche pour trouver des bornes de recharge pour véhicules électriques,5
3,net.vonforst.evmap,Ales Dokoupil,"Great app, support in Android auto, fantastic job",5
4,net.vonforst.evmap,Jim Aitken,Just got my car,4
5,net.vonforst.evmap,Tm Sngr,"Best app for comparing prices. Open source map data, open source charging station data. No ads. Very responsive developer. 👍",5
6,net.vonforst.evmap,Tony Godshall,"Good for Europe maybe, but missing most stations in San Francisco area",3
7,net.vonforst.evmap,m t,Most of uk networks are not on map eg bp pulse,1
